[{"PrescriptionId":"02_September_2019_1","PatientDetails":{"Age":22,"Gender":"Male","Name":"Test Patient","Attended":false,"Weight":89.0},"ReadingsDetails":{"BPReading":"80/20","PulseReading":80,"FeverReading":98.5,"BloodSugarReading":"205","ECGReading":"I can write ECG","RSReading":"","CSVReading":"","PAndAReading":"","PallorReading":"++","GAndCReading":"Fair","IctReading":"++","LNReading":"0","OdemaReading":"","LipidProfileReading":"Na","CBCReading":"","BMPRMPReading":"","LFTReading":"","KFTReading":"","WidalReading":"","UrineReReading":"","T3T4TSHReading":"","XRayReading":"","USGReading":"","LipidProfileSelect":true,"CBCSelect":false,"BMPRMPSelect":false,"LFTSelect":false,"KFTSelect":false,"WidalSelect":true,"UrineReSelect":true,"T3T4TSHSelect":false,"XRaySelect":false,"USGSelect":false},"Symptoms":["Head Ache","Common Cold","Stomach Ache","Some Extra symptoms"],"Remark":"Test Advice ","PrescribedMedicines":[{"Name":"Aciloc RD Tab","Dose":"1","Morning":true,"Evening":false,"Night":true,"Precautions":""},{"Name":"Alkamax MB 6 Syp","Dose":"2Tsf","Morning":true,"Evening":true,"Night":true,"Precautions":""},{"Name":"Beclof TDS Tab","Dose":"1","Morning":true,"Evening":true,"Night":true,"Precautions":""}],"NumberOfDays":22,"ExtraExaminations":null,"Precautions":null},{"PrescriptionId":"02_September_2019_N121","PatientDetails":{"Age":12,"Gender":"Female","Name":"Test Name","Attended":false,"Weight":125.0},"ReadingsDetails":{"BPReading":"","PulseReading":0,"FeverReading":0.0,"BloodSugarReading":"","ECGReading":"","RSReading":"","CSVReading":"","PAndAReading":"","PallorReading":"","GAndCReading":"","IctReading":"","LNReading":"","OdemaReading":"","LipidProfileReading":"","CBCReading":"","BMPRMPReading":"","LFTReading":"","KFTReading":"","WidalReading":"","UrineReReading":"","T3T4TSHReading":"","XRayReading":"","USGReading":"","LipidProfileSelect":false,"CBCSelect":false,"BMPRMPSelect":true,"LFTSelect":true,"KFTSelect":true,"WidalSelect":false,"UrineReSelect":false,"T3T4TSHSelect":false,"XRaySelect":false,"USGSelect":false},"Symptoms":["Common Cold","Stomach Ache","Body Ache","Another Subah"],"Remark":null,"PrescribedMedicines":[{"Name":"Aciloc 150mg Tab","Dose":"1","Morning":true,"Evening":false,"Night":true,"Precautions":""},{"Name":"Alkamax MB 6 Syp","Dose":"2Tsf","Morning":true,"Evening":true,"Night":true,"Precautions":""}],"NumberOfDays":2,"ExtraExaminations":null,"Precautions":null},{"PrescriptionId":"02_September_2019_N131","PatientDetails":{"Age":2,"Gender":"Female","Name":"Test Name","Attended":false,"Weight":191.0},"ReadingsDetails":{"BPReading":"","PulseReading":0,"FeverReading":0.0,"BloodSugarReading":"","ECGReading":"","RSReading":"","CSVReading":"","PAndAReading":"","PallorReading":"","GAndCReading":"","IctReading":"","LNReading":"","OdemaReading":"","LipidProfileReading":"","CBCReading":"","BMPRMPReading":"","LFTReading":"","KFTReading":"","WidalReading":"","UrineReReading":"","T3T4TSHReading":"","XRayReading":"","USGReading":"","LipidProfileSelect":false,"CBCSelect":false,"BMPRMPSelect":false,"LFTSelect":false,"KFTSelect":false,"WidalSelect":false,"UrineReSelect":false,"T3T4TSHSelect":false,"XRaySelect":false,"USGSelect":false},"Symptoms":["Cough","Body Ache","Common Cold"],"Remark":null,"PrescribedMedicines":[{"Name":"Alkamax MB 6 Syp","Dose":"2Tsf","Morning":true,"Evening":true,"Night":true,"Precautions":""},{"Name":"BIO D3 Tab.","Dose":"1","Morning":false,"Evening":true,"Night":false,"Precautions":""}],"NumberOfDays":2,"ExtraExaminations":null,"Precautions":null},{"PrescriptionId":"02_September_2019_N141","PatientDetails":{"Age":22,"Gender":"Female","Name":"Test Name","Attended":false,"Weight":102.0},"ReadingsDetails":{"BPReading":"","PulseReading":0,"FeverReading":0.0,"BloodSugarReading":"","ECGReading":"Test ECG Report","RSReading":"","CSVReading":"","PAndAReading":"","PallorReading":"++","GAndCReading":"Good","IctReading":"++","LNReading":"+","OdemaReading":"","LipidProfileReading":"","CBCReading":"","BMPRMPReading":"","LFTReading":"","KFTReading":"","WidalReading":"","UrineReReading":"","T3T4TSHReading":"","XRayReading":"","USGReading":"","LipidProfileSelect":true,"CBCSelect":false,"BMPRMPSelect":false,"LFTSelect":false,"KFTSelect":true,"WidalSelect":true,"UrineReSelect":true,"T3T4TSHSelect":false,"XRaySelect":false,"USGSelect":true},"Symptoms":["Common Cold","Stomach Ache","Body Ache"],"Remark":"Test","PrescribedMedicines":[{"Name":"Allymax D 1000 IU Cap","Dose":"1","Morning":false,"Evening":true,"Night":false,"Precautions":""},{"Name":"BIO D3 Plus Tab","Dose":"1","Morning":false,"Evening":true,"Night":false,"Precautions":""},{"Name":"Betadine Gargle","Dose":"2 time","Morning":true,"Evening":false,"Night":false,"Precautions":""}],"NumberOfDays":2,"ExtraExaminations":null,"Precautions":null},{"PrescriptionId":"02_September_2019_N151","PatientDetails":{"Age":28,"Gender":"Male","Name":"arpan","Attended":false,"Weight":0.0},"ReadingsDetails":{"BPReading":"120/80","PulseReading":78,"FeverReading":102.5,"BloodSugarReading":"205","ECGReading":"","RSReading":"","CSVReading":"","PAndAReading":"","PallorReading":"++","GAndCReading":"Fair","IctReading":"0","LNReading":"0","OdemaReading":"++","LipidProfileReading":"","CBCReading":"","BMPRMPReading":"","LFTReading":"","KFTReading":"","WidalReading":"","UrineReReading":"","T3T4TSHReading":"","XRayReading":"","USGReading":"","LipidProfileSelect":false,"CBCSelect":false,"BMPRMPSelect":true,"LFTSelect":false,"KFTSelect":true,"WidalSelect":false,"UrineReSelect":true,"T3T4TSHSelect":false,"XRaySelect":false,"USGSelect":true},"Symptoms":["Head Ache","Cough","Chakkar"],"Remark":null,"PrescribedMedicines":[{"Name":"Abactum 250 mg Tab","Dose":"1","Morning":true,"Evening":false,"Night":true,"Precautions":""},{"Name":"Alkamax MB 6 Syp","Dose":"2Tsf","Morning":true,"Evening":true,"Night":true,"Precautions":"jhjhjhj"},{"Name":"BIO D3 Max Cap","Dose":"1","Morning":false,"Evening":true,"Night":false,"Precautions":"Stop Alcohal\r\nAvoid smoking"}],"NumberOfDays":2,"ExtraExaminations":null,"Precautions":null},{"PrescriptionId":"02_September_2019_N171","PatientDetails":{"Age":22,"Gender":"Male","Name":"test","Attended":false,"Weight":0.0},"ReadingsDetails":{"BPReading":"","PulseReading":0,"FeverReading":0.0,"BloodSugarReading":"","ECGReading":"","RSReading":"","CSVReading":"","PAndAReading":"","PallorReading":"","GAndCReading":"","IctReading":"","LNReading":"","OdemaReading":"","LipidProfileReading":"","CBCReading":"","BMPRMPReading":"","LFTReading":"","KFTReading":"","WidalReading":"","UrineReReading":"","T3T4TSHReading":"","XRayReading":"","USGReading":"","LipidProfileSelect":false,"CBCSelect":false,"BMPRMPSelect":false,"LFTSelect":false,"KFTSelect":true,"WidalSelect":true,"UrineReSelect":false,"T3T4TSHSelect":false,"XRaySelect":false,"USGSelect":false},"Symptoms":["Constipation","Blood In Urine"],"Remark":null,"PrescribedMedicines":[{"Name":"Defcort TM Tab","Dose":"1","Morning":true,"Evening":true,"Night":true,"Precautions":"3 days"},{"Name":"Defcort 6mg Tab","Dose":"1","Morning":true,"Evening":false,"Night":true,"Precautions":"3 days"},{"Name":"Defcort 6mg Tab","Dose":"1","Morning":false,"Evening":true,"Night":false,"Precautions":"3 days"}],"NumberOfDays":2,"ExtraExaminations":null,"Precautions":null},{"PrescriptionId":"02_September_2019_N181","PatientDetails":{"Age":22,"Gender":"Male","Name":"Test User","Attended":false,"Weight":120.0},"ReadingsDetails":{"BPReading":"","PulseReading":0,"FeverReading":0.0,"BloodSugarReading":"","ECGReading":"","RSReading":"","CSVReading":"","PAndAReading":"","PallorReading":"++","GAndCReading":"Fair","IctReading":"","LNReading":"","OdemaReading":"","LipidProfileReading":"","CBCReading":"","BMPRMPReading":"","LFTReading":"","KFTReading":"","WidalReading":"","UrineReReading":"","T3T4TSHReading":"","XRayReading":"","USGReading":"","LipidProfileSelect":false,"CBCSelect":false,"BMPRMPSelect":false,"LFTSelect":false,"KFTSelect":false,"WidalSelect":false,"UrineReSelect":false,"T3T4TSHSelect":false,"XRaySelect":false,"USGSelect":true},"Symptoms":["Common Cold","Stomach Ache","Body Ache","Blood In Urine"],"Remark":null,"PrescribedMedicines":[{"Name":"Aciloc 150mg Tab","Dose":"1","Morning":true,"Evening":false,"Night":true,"Precautions":"With milk"},{"Name":"Amlosafe MT 50 Tab","Dose":"1","Morning":true,"Evening":false,"Night":false,"Precautions":"only 2 days"}],"NumberOfDays":2,"ExtraExaminations":"Extra Exam1/Extra Exam2","Precautions":null},{"PrescriptionId":"02_September_2019_N191","PatientDetails":{"Age":22,"Gender":"Male","Name":"Test User","Attended":false,"Weight":0.0},"ReadingsDetails":{"BPReading":"","PulseReading":0,"FeverReading":0.0,"BloodSugarReading":"","ECGReading":"","RSReading":"","CSVReading":"","PAndAReading":"","PallorReading":"+++","GAndCReading":"Poor","IctReading":"","LNReading":"+","OdemaReading":"","LipidProfileReading":"","CBCReading":"","BMPRMPReading":"","LFTReading":"","KFTReading":"","WidalReading":"","UrineReReading":"","T3T4TSHReading":"","XRayReading":"","USGReading":"","LipidProfileSelect":false,"CBCSelect":false,"BMPRMPSelect":false,"LFTSelect":false,"KFTSelect":false,"WidalSelect":false,"UrineReSelect":false,"T3T4TSHSelect":false,"XRaySelect":false,"USGSelect":true},"Symptoms":["Common Cold","Cough","Body Ache"],"Remark":null,"PrescribedMedicines":[{"Name":"Aciloc 150mg Tab","Dose":"1","Morning":true,"Evening":false,"Night":true,"Precautions":""},{"Name":"Alkamax MB 6 Syp","Dose":"2Tsf","Morning":true,"Evening":true,"Night":true,"Precautions":""},{"Name":"B Protoin DF Powder","Dose":"2Tsf","Morning":true,"Evening":true,"Night":true,"Precautions":""}],"NumberOfDays":2,"ExtraExaminations":"Test 1/test2","Precautions":null},{"PrescriptionId":"02_September_2019_N201","PatientDetails":{"Age":22,"Gender":"Female","Name":"TestUser","Attended":false,"Weight":89.0},"ReadingsDetails":{"BPReading":"","PulseReading":0,"FeverReading":0.0,"BloodSugarReading":"","ECGReading":"","RSReading":"","CSVReading":"","PAndAReading":"","PallorReading":"","GAndCReading":"","IctReading":"","LNReading":"","OdemaReading":"","LipidProfileReading":"","CBCReading":"","BMPRMPReading":"","LFTReading":"","KFTReading":"","WidalReading":"","UrineReReading":"","T3T4TSHReading":"","XRayReading":"","USGReading":"","LipidProfileSelect":false,"CBCSelect":false,"BMPRMPSelect":false,"LFTSelect":false,"KFTSelect":false,"WidalSelect":true,"UrineReSelect":true,"T3T4TSHSelect":false,"XRaySelect":false,"USGSelect":true},"Symptoms":["Common Cold","Stomach Ache","Body Ache"],"Remark":null,"PrescribedMedicines":[{"Name":"Aciloc 150mg Tab","Dose":"1","Morning":true,"Evening":false,"Night":true,"Precautions":"With Milk"},{"Name":"Anadac 50 Inj","Dose":"1 ampoule I/m every 15 days total 3 Inj.","Morning":true,"Evening":false,"Night":false,"Precautions":""}],"NumberOfDays":3,"ExtraExaminations":"Ex Exam1/ExExam2","Precautions":null},{"PrescriptionId":"02_September_2019_N211","PatientDetails":{"Age":22,"Gender":"Male","Name":"Arpan","Attended":false,"Weight":0.0},"ReadingsDetails":{"BPReading":"120/80","PulseReading":78,"FeverReading":102.4,"BloodSugarReading":"205","ECGReading":"","RSReading":"","CSVReading":"","PAndAReading":"","PallorReading":"++","GAndCReading":"Fair","IctReading":"0","LNReading":"","OdemaReading":"","LipidProfileReading":"","CBCReading":"","BMPRMPReading":"","LFTReading":"","KFTReading":"","WidalReading":"","UrineReReading":"","T3T4TSHReading":"","XRayReading":"","USGReading":"","LipidProfileSelect":false,"CBCSelect":false,"BMPRMPSelect":false,"LFTSelect":false,"KFTSelect":true,"WidalSelect":true,"UrineReSelect":true,"T3T4TSHSelect":false,"XRaySelect":false,"USGSelect":true},"Symptoms":["Fever","Blood In Urine","Constipation"],"Remark":null,"PrescribedMedicines":[{"Name":"Aciloc 150mg Tab","Dose":"1","Morning":true,"Evening":false,"Night":true,"Precautions":""},{"Name":"Antagit DS Syp.","Dose":"3Tsf","Morning":true,"Evening":true,"Night":true,"Precautions":""},{"Name":"Astrovit Powder ","Dose":"2Tsf","Morning":true,"Evening":true,"Night":true,"Precautions":""}],"NumberOfDays":2,"ExtraExaminations":"ECHO/Color doppler","Precautions":null},{"PrescriptionId":"02_September_2019_N221","PatientDetails":{"Age":22,"Gender":"Female","Name":"Test User","Attended":false,"Weight":89.0},"ReadingsDetails":{"BPReading":"","PulseReading":67,"FeverReading":0.0,"BloodSugarReading":"","ECGReading":"","RSReading":"","CSVReading":"","PAndAReading":"","PallorReading":"","GAndCReading":"","IctReading":"","LNReading":"","OdemaReading":"","LipidProfileReading":"","CBCReading":"","BMPRMPReading":"","LFTReading":"","KFTReading":"","WidalReading":"","UrineReReading":"","T3T4TSHReading":"","XRayReading":"","USGReading":"","LipidProfileSelect":true,"CBCSelect":false,"BMPRMPSelect":false,"LFTSelect":false,"KFTSelect":false,"WidalSelect":true,"UrineReSelect":true,"T3T4TSHSelect":false,"XRaySelect":false,"USGSelect":true},"Symptoms":["Head Ache","Common Cold","Body Ache"],"Remark":"Common Cold,URT","PrescribedMedicines":[{"Name":"Ambulax ET Tab","Dose":"1","Morning":false,"Evening":true,"Night":true,"Precautions":""},{"Name":"Antagit DS Syp.","Dose":"3Tsf","Morning":true,"Evening":true,"Night":true,"Precautions":""},{"Name":"B Protoin DF Powder","Dose":"2Tsf","Morning":true,"Evening":true,"Night":true,"Precautions":""}],"NumberOfDays":33,"ExtraExaminations":"Extra Exam1/Extra Exam2","Precautions":"Stop Alcohol and smoking"},{"PrescriptionId":"02_September_2019_N221","PatientDetails":{"Age":22,"Gender":"Female","Name":"Test User","Attended":false,"Weight":89.0},"ReadingsDetails":{"BPReading":"","PulseReading":67,"FeverReading":0.0,"BloodSugarReading":"","ECGReading":"","RSReading":"","CSVReading":"","PAndAReading":"","PallorReading":"","GAndCReading":"","IctReading":"","LNReading":"","OdemaReading":"","LipidProfileReading":"","CBCReading":"","BMPRMPReading":"","LFTReading":"","KFTReading":"","WidalReading":"","UrineReReading":"","T3T4TSHReading":"","XRayReading":"","USGReading":"","LipidProfileSelect":true,"CBCSelect":false,"BMPRMPSelect":false,"LFTSelect":false,"KFTSelect":false,"WidalSelect":true,"UrineReSelect":true,"T3T4TSHSelect":false,"XRaySelect":false,"USGSelect":true},"Symptoms":["Head Ache","Common Cold","Body Ache"],"Remark":"Common Cold,URT","PrescribedMedicines":[{"Name":"Ambulax ET Tab","Dose":"1","Morning":false,"Evening":true,"Night":true,"Precautions":""},{"Name":"Antagit DS Syp.","Dose":"3Tsf","Morning":true,"Evening":true,"Night":true,"Precautions":""},{"Name":"B Protoin DF Powder","Dose":"2Tsf","Morning":true,"Evening":true,"Night":true,"Precautions":""}],"NumberOfDays":33,"ExtraExaminations":"Extra Exam1/Extra Exam2","Precautions":"Stop Alcohol and smoking"},{"PrescriptionId":"02_September_2019_N231","PatientDetails":{"Age":22,"Gender":"Female","Name":"New Name","Attended":false,"Weight":89.0},"ReadingsDetails":{"BPReading":"","PulseReading":0,"FeverReading":0.0,"BloodSugarReading":"","ECGReading":"","RSReading":"","CSVReading":"","PAndAReading":"","PallorReading":"","GAndCReading":"","IctReading":"","LNReading":"","OdemaReading":"","LipidProfileReading":"","CBCReading":"","BMPRMPReading":"","LFTReading":"","KFTReading":"","WidalReading":"","UrineReReading":"","T3T4TSHReading":"","XRayReading":"","USGReading":"","LipidProfileSelect":false,"CBCSelect":false,"BMPRMPSelect":false,"LFTSelect":false,"KFTSelect":false,"WidalSelect":false,"UrineReSelect":false,"T3T4TSHSelect":false,"XRaySelect":false,"USGSelect":true},"Symptoms":["Common Cold","Stomach Ache","Body Ache"],"Remark":"Some Dignosis","PrescribedMedicines":[{"Name":"Allymax D 1000 IU Cap","Dose":"1","Morning":false,"Evening":true,"Night":false,"Precautions":""},{"Name":"Antagit DS Syp.","Dose":"3Tsf","Morning":true,"Evening":true,"Night":true,"Precautions":""}],"NumberOfDays":2,"ExtraExaminations":"Exam1/Exam2","Precautions":"Stop Smoking"},{"PrescriptionId":"02_September_2019_N241","PatientDetails":{"Age":22,"Gender":"Male","Name":"T","Attended":false,"Weight":0.0},"ReadingsDetails":{"BPReading":"","PulseReading":0,"FeverReading":0.0,"BloodSugarReading":"","ECGReading":"","RSReading":"","CSVReading":"","PAndAReading":"","PallorReading":"","GAndCReading":"","IctReading":"","LNReading":"","OdemaReading":"","LipidProfileReading":"","CBCReading":"","BMPRMPReading":"","LFTReading":"","KFTReading":"","WidalReading":"","UrineReReading":"","T3T4TSHReading":"","XRayReading":"","USGReading":"","LipidProfileSelect":false,"CBCSelect":false,"BMPRMPSelect":false,"LFTSelect":false,"KFTSelect":false,"WidalSelect":false,"UrineReSelect":false,"T3T4TSHSelect":false,"XRaySelect":false,"USGSelect":true},"Symptoms":["Common Cold"],"Remark":"Diagnosis","PrescribedMedicines":[{"Name":"Aciloc RD Tab","Dose":"1","Morning":true,"Evening":false,"Night":true,"Precautions":""},{"Name":"Amlovas H Tab","Dose":"1","Morning":true,"Evening":false,"Night":false,"Precautions":""}],"NumberOfDays":2,"ExtraExaminations":"Test","Precautions":"Test PRecautions"},{"PrescriptionId":"02_September_2019_N261","PatientDetails":{"Age":22,"Gender":"Male","Name":"TestUser","Attended":false,"Weight":0.0},"ReadingsDetails":{"BPReading":"","PulseReading":0,"FeverReading":0.0,"BloodSugarReading":"","ECGReading":"","RSReading":"","CSVReading":"","PAndAReading":"","PallorReading":"+","GAndCReading":"","IctReading":"","LNReading":"","OdemaReading":"","LipidProfileReading":"","CBCReading":"","BMPRMPReading":"","LFTReading":"","KFTReading":"","WidalReading":"","UrineReReading":"","T3T4TSHReading":"","XRayReading":"","USGReading":"","LipidProfileSelect":false,"CBCSelect":false,"BMPRMPSelect":false,"LFTSelect":false,"KFTSelect":false,"WidalSelect":false,"UrineReSelect":false,"T3T4TSHSelect":false,"XRaySelect":true,"USGSelect":true},"Symptoms":["Cough","Body Ache"],"Remark":"Na","PrescribedMedicines":[{"Name":"Allymax D 1000 IU Cap","Dose":"1","Morning":false,"Evening":true,"Night":false,"Precautions":"With Milk"},{"Name":"Aciloc 150mg Tab","Dose":"1","Morning":true,"Evening":false,"Night":true,"Precautions":""},{"Name":"Amlosafe MT 50 Tab","Dose":"1","Morning":true,"Evening":false,"Night":false,"Precautions":"For Next 3 days"}],"NumberOfDays":19,"ExtraExaminations":"Test1/Test2","Precautions":""},{"PrescriptionId":"02_September_2019_N271","PatientDetails":{"Age":22,"Gender":"Male","Name":"Test","Attended":false,"Weight":0.0},"ReadingsDetails":{"BPReading":"","PulseReading":0,"FeverReading":0.0,"BloodSugarReading":"","ECGReading":"","RSReading":"","CSVReading":"","PAndAReading":"","PallorReading":"","GAndCReading":"","IctReading":"","LNReading":"","OdemaReading":"","LipidProfileReading":"","CBCReading":"","BMPRMPReading":"","LFTReading":"","KFTReading":"","WidalReading":"","UrineReReading":"","T3T4TSHReading":"","XRayReading":"","USGReading":"","LipidProfileSelect":false,"CBCSelect":false,"BMPRMPSelect":false,"LFTSelect":false,"KFTSelect":false,"WidalSelect":false,"UrineReSelect":false,"T3T4TSHSelect":false,"XRaySelect":false,"USGSelect":false},"Symptoms":["Cough","Body Ache"],"Remark":"Test","PrescribedMedicines":[{"Name":"Aciloc 150mg Tab","Dose":"1","Morning":true,"Evening":false,"Night":true,"Precautions":""},{"Name":"Aciloc RD Tab","Dose":"1","Morning":true,"Evening":false,"Night":true,"Precautions":""}],"NumberOfDays":22,"ExtraExaminations":"","Precautions":""},{"PrescriptionId":"02_September_2019_N281","PatientDetails":{"Age":22,"Gender":"Male","Name":"testname","Attended":false,"Weight":102.0},"ReadingsDetails":{"BPReading":"","PulseReading":0,"FeverReading":0.0,"BloodSugarReading":"","ECGReading":"","RSReading":"","CSVReading":"","PAndAReading":"","PallorReading":"","GAndCReading":"","IctReading":"","LNReading":"","OdemaReading":"","LipidProfileReading":"","CBCReading":"","BMPRMPReading":"","LFTReading":"","KFTReading":"","WidalReading":"","UrineReReading":"","T3T4TSHReading":"","XRayReading":"","USGReading":"","LipidProfileSelect":false,"CBCSelect":false,"BMPRMPSelect":false,"LFTSelect":false,"KFTSelect":false,"WidalSelect":false,"UrineReSelect":false,"T3T4TSHSelect":false,"XRaySelect":false,"USGSelect":true},"Symptoms":["Stomach Ache","Common Cold"],"Remark":"TestDai","PrescribedMedicines":[{"Name":"Allymax D 1000 IU Cap","Dose":"1","Morning":false,"Evening":true,"Night":false,"Precautions":""},{"Name":"Amclue 625 Tab","Dose":"1","Morning":true,"Evening":true,"Night":true,"Precautions":""}],"NumberOfDays":22,"ExtraExaminations":"","Precautions":"stop somthing somthing"},{"PrescriptionId":"02_September_2019_N301","PatientDetails":{"Age":22,"Gender":"Male","Name":"TestUser","Attended":false,"Weight":0.0},"ReadingsDetails":{"BPReading":"","PulseReading":0,"FeverReading":0.0,"BloodSugarReading":"","ECGReading":"","RSReading":"","CSVReading":"","PAndAReading":"","PallorReading":"","GAndCReading":"","IctReading":"","LNReading":"","OdemaReading":"","LipidProfileReading":"","CBCReading":"","BMPRMPReading":"","LFTReading":"","KFTReading":"","WidalReading":"","UrineReReading":"","T3T4TSHReading":"","XRayReading":"","USGReading":"","LipidProfileSelect":false,"CBCSelect":false,"BMPRMPSelect":false,"LFTSelect":false,"KFTSelect":false,"WidalSelect":false,"UrineReSelect":false,"T3T4TSHSelect":false,"XRaySelect":false,"USGSelect":true},"Symptoms":["Head Ache","Cough"],"Remark":"NewTest","PrescribedMedicines":[{"Name":"Antagit DS Syp.","Dose":"3Tsf","Morning":true,"Evening":true,"Night":true,"Precautions":""},{"Name":"Amlosafe MT 50 Tab","Dose":"1","Morning":true,"Evening":false,"Night":false,"Precautions":""},{"Name":"Anadac 50 Inj","Dose":"1 ampoule I/m every 15 days total 3 Inj.","Morning":true,"Evening":false,"Night":false,"Precautions":""}],"NumberOfDays":2,"ExtraExaminations":"","Precautions":"TestYY"},{"PrescriptionId":"02_September_2019_N471","PatientDetails":{"Age":28,"Gender":"Male","Name":"Arpan Nem","Attended":false,"Weight":65.0},"ReadingsDetails":{"BPReading":"120/80","PulseReading":88,"FeverReading":105.0,"BloodSugarReading":"205","ECGReading":"","RSReading":"","CSVReading":"","PAndAReading":"","PallorReading":"++","GAndCReading":"Good","IctReading":"++","LNReading":"0","OdemaReading":"+","LipidProfileReading":"","CBCReading":"","BMPRMPReading":"","LFTReading":"","KFTReading":"","WidalReading":"","UrineReReading":"","T3T4TSHReading":"","XRayReading":"","USGReading":"","LipidProfileSelect":true,"CBCSelect":false,"BMPRMPSelect":true,"LFTSelect":false,"KFTSelect":false,"WidalSelect":false,"UrineReSelect":false,"T3T4TSHSelect":false,"XRaySelect":false,"USGSelect":true},"Symptoms":["Head Ache","Cough","Body Ache","Skin Allergy","Rash"],"Remark":"UTI with Hyper Tension","PrescribedMedicines":[{"Name":"Aciloc RD Tab","Dose":"1","Morning":true,"Evening":false,"Night":true,"Precautions":"1st 3 days"},{"Name":"Tercort Syp","Dose":"1Tsf","Morning":true,"Evening":true,"Night":true,"Precautions":"First 2 days"},{"Name":"Tercort Syp","Dose":"1Tsf","Morning":true,"Evening":false,"Night":true,"Precautions":"Next 2 days"},{"Name":"Tercort Syp","Dose":"1Tsf","Morning":false,"Evening":true,"Night":false,"Precautions":"Next 3 days"}],"NumberOfDays":3,"ExtraExaminations":"ECHO/Color doppler","Precautions":"Stop drinking"}]