[{"PatientDetails":{"Age":22,"Gender":"Male","Name":"New","Attended":false,"Weight":120.0},"ReadingsDetails":{"BPReading":"80/120","PulseReading":89,"FeverReading":104.3,"BloodSugarReading":"250","ECGReading":"First Stage Block","RSReading":"NDA","CSVReading":"NDA","PAndAReading":"NDA","PallorReading":"Pale"},"Symptoms":["Common Cold","Head Ache","New Symptom"],"Remark":"Test Advice","PrescribedMedicines":[{"Name":"Allymax D 1000 IU Cap","Dose":"1","Morning":false,"Evening":true,"Night":false,"Precautions":""},{"Name":"Cardaron Tab or Ritebeat Tab 100mg","Dose":"1","Morning":false,"Evening":true,"Night":false,"Precautions":""},{"Name":"Enzomac CM Powder LA","Dose":"1","Morning":false,"Evening":true,"Night":false,"Precautions":""},{"Name":"R kof Syp","Dose":"1Tsf","Morning":true,"Evening":true,"Night":true,"Precautions":""}],"NumberOfDays":6}]