[{"PrescriptionId":"16_May_2019_1","PatientDetails":{"Age":22,"Gender":"Male","Name":"New name","Attended":false,"Weight":0.0},"ReadingsDetails":{"BPReading":"","PulseReading":0,"FeverReading":0.0,"BloodSugarReading":"","ECGReading":"","RSReading":"","CSVReading":"","PAndAReading":"","PallorReading":"","GAndCReading":"","IctReading":"","LNReading":"","OdemaReading":"","BSLRReading":"","LipidProfileReading":"","CBCReading":"","BMPRMPReading":"","LFTReading":"","KFTReading":"","WidalReading":"","UrineReReading":"","T3T4TSHReading":"","XRayReading":"","USGReading":""},"Symptoms":["Cough","Body Ache"],"Remark":null,"PrescribedMedicines":[{"Name":"Aceclospas Tab","Dose":"1","Morning":true,"Evening":true,"Night":true,"Precautions":""},{"Name":"Aptisyp Syp","Dose":"2Tsf","Morning":true,"Evening":true,"Night":true,"Precautions":""}],"NumberOfDays":4},{"PrescriptionId":"16_May_2019_2","PatientDetails":{"Age":22,"Gender":"Female","Name":"Extra","Attended":false,"Weight":0.0},"ReadingsDetails":{"BPReading":"","PulseReading":0,"FeverReading":0.0,"BloodSugarReading":"","ECGReading":"","RSReading":"","CSVReading":"","PAndAReading":"","PallorReading":"","GAndCReading":"","IctReading":"","LNReading":"","OdemaReading":"","BSLRReading":"","LipidProfileReading":"","CBCReading":"","BMPRMPReading":"","LFTReading":"","KFTReading":"","WidalReading":"","UrineReReading":"","T3T4TSHReading":"","XRayReading":"","USGReading":""},"Symptoms":["Stomach Ache","Common Cold"],"Remark":null,"PrescribedMedicines":[{"Name":"Aceclospas Tab","Dose":"1","Morning":true,"Evening":true,"Night":true,"Precautions":""},{"Name":"Anadac 50 Inj","Dose":"1 ampoule I/m every 15 days total 3 Inj.","Morning":true,"Evening":false,"Night":false,"Precautions":""}],"NumberOfDays":2},{"PrescriptionId":"16_May_2019_3","PatientDetails":{"Age":33,"Gender":"Male","Name":"NewName","Attended":false,"Weight":0.0},"ReadingsDetails":{"BPReading":"","PulseReading":0,"FeverReading":0.0,"BloodSugarReading":"","ECGReading":"","RSReading":"","CSVReading":"","PAndAReading":"","PallorReading":"","GAndCReading":"","IctReading":"","LNReading":"","OdemaReading":"","BSLRReading":"","LipidProfileReading":"","CBCReading":"","BMPRMPReading":"","LFTReading":"","KFTReading":"","WidalReading":"","UrineReReading":"","T3T4TSHReading":"","XRayReading":"","USGReading":""},"Symptoms":["Cough","Body Ache"],"Remark":null,"PrescribedMedicines":[{"Name":"Allymax D 1000 IU Cap","Dose":"1","Morning":false,"Evening":true,"Night":false,"Precautions":""},{"Name":"Clid 300 mg Cap","Dose":"1","Morning":true,"Evening":true,"Night":true,"Precautions":""}],"NumberOfDays":4},{"PrescriptionId":"16_May_20194","PatientDetails":{"Age":33,"Gender":"Female","Name":"Test name","Attended":false,"Weight":0.0},"ReadingsDetails":{"BPReading":"","PulseReading":0,"FeverReading":0.0,"BloodSugarReading":"","ECGReading":"","RSReading":"","CSVReading":"","PAndAReading":"","PallorReading":"","GAndCReading":"","IctReading":"","LNReading":"","OdemaReading":"","BSLRReading":"","LipidProfileReading":"","CBCReading":"","BMPRMPReading":"","LFTReading":"","KFTReading":"","WidalReading":"","UrineReReading":"","T3T4TSHReading":"","XRayReading":"","USGReading":""},"Symptoms":["Common Cold","Stomach Ache"],"Remark":null,"PrescribedMedicines":[{"Name":"Aciloc 150mg Tab","Dose":"1","Morning":true,"Evening":false,"Night":true,"Precautions":""},{"Name":"B Protoin DF Powder","Dose":"2Tsf","Morning":true,"Evening":true,"Night":true,"Precautions":""},{"Name":"Brave 3 Syp","Dose":"2Tsf","Morning":true,"Evening":true,"Night":true,"Precautions":""}],"NumberOfDays":4},{"PrescriptionId":"16_May_2019_N01","PatientDetails":{"Age":22,"Gender":"Female","Name":"Test Name","Attended":false,"Weight":0.0},"ReadingsDetails":{"BPReading":"","PulseReading":0,"FeverReading":0.0,"BloodSugarReading":"","ECGReading":"","RSReading":"","CSVReading":"","PAndAReading":"","PallorReading":"","GAndCReading":"","IctReading":"","LNReading":"","OdemaReading":"","BSLRReading":"","LipidProfileReading":"","CBCReading":"","BMPRMPReading":"","LFTReading":"","KFTReading":"","WidalReading":"","UrineReReading":"","T3T4TSHReading":"","XRayReading":"","USGReading":""},"Symptoms":["Common Cold","Stomach Ache"],"Remark":null,"PrescribedMedicines":[{"Name":"Aciloc RD Tab","Dose":"1","Morning":true,"Evening":false,"Night":true,"Precautions":""},{"Name":"Antagit DS Syp.","Dose":"3Tsf","Morning":true,"Evening":true,"Night":true,"Precautions":""}],"NumberOfDays":4},{"PrescriptionId":"16_May_2019_5","PatientDetails":{"Age":22,"Gender":"Male","Name":"New Namw","Attended":false,"Weight":0.0},"ReadingsDetails":{"BPReading":"","PulseReading":0,"FeverReading":0.0,"BloodSugarReading":"","ECGReading":"","RSReading":"","CSVReading":"","PAndAReading":"","PallorReading":"","GAndCReading":"","IctReading":"","LNReading":"","OdemaReading":"","BSLRReading":"","LipidProfileReading":"","CBCReading":"","BMPRMPReading":"","LFTReading":"","KFTReading":"","WidalReading":"","UrineReReading":"","T3T4TSHReading":"","XRayReading":"","USGReading":""},"Symptoms":["Constipation","Blood In Urine"],"Remark":null,"PrescribedMedicines":[{"Name":"Aciloc RD Tab","Dose":"1","Morning":true,"Evening":false,"Night":true,"Precautions":""},{"Name":"Bplex Fort Inj.","Dose":"1","Morning":false,"Evening":true,"Night":false,"Precautions":""},{"Name":"Antagit DS Syp.","Dose":"3Tsf","Morning":true,"Evening":true,"Night":true,"Precautions":""}],"NumberOfDays":22},{"PrescriptionId":"16_May_2019_6","PatientDetails":{"Age":3,"Gender":"Male","Name":"Test","Attended":false,"Weight":0.0},"ReadingsDetails":{"BPReading":"","PulseReading":0,"FeverReading":0.0,"BloodSugarReading":"","ECGReading":"","RSReading":"","CSVReading":"","PAndAReading":"","PallorReading":"","GAndCReading":"","IctReading":"","LNReading":"","OdemaReading":"","BSLRReading":"","LipidProfileReading":"","CBCReading":"","BMPRMPReading":"","LFTReading":"","KFTReading":"","WidalReading":"","UrineReReading":"","T3T4TSHReading":"","XRayReading":"","USGReading":""},"Symptoms":["Common Cold","Stomach Ache"],"Remark":null,"PrescribedMedicines":[{"Name":"Aceclospas Tab","Dose":"1","Morning":true,"Evening":true,"Night":true,"Precautions":""},{"Name":"Abactum 500 mg Tab","Dose":"1","Morning":true,"Evening":false,"Night":true,"Precautions":""}],"NumberOfDays":3}]