[{"PrescriptionId":"15_May_2019_01","PatientDetails":{"Age":22,"Gender":"Female","Name":"Text One","Attended":false,"Weight":0.0},"ReadingsDetails":{"BPReading":"80/120","PulseReading":105,"FeverReading":105.5,"BloodSugarReading":"250","ECGReading":"","RSReading":"","CSVReading":"","PAndAReading":"","PallorReading":"+","GAndCReading":"Fair","IctReading":"+","LNReading":"+","OdemaReading":"++","BSLRReading":"RTV","LipidProfileReading":"LL","CBCReading":"","BMPRMPReading":"","LFTReading":"","KFTReading":"","WidalReading":"","UrineReReading":"","T3T4TSHReading":"","XRayReading":"Chest","USGReading":""},"Symptoms":["Common Cold","Stomach Ache"],"Remark":null,"PrescribedMedicines":[{"Name":"Aciloc 150mg Tab","Dose":"1","Morning":true,"Evening":false,"Night":true,"Precautions":""},{"Name":"Allymax D 1000 IU Cap","Dose":"1","Morning":false,"Evening":true,"Night":false,"Precautions":""}],"NumberOfDays":4},{"PrescriptionId":"15_May_2019_3","PatientDetails":{"Age":44,"Gender":"Male","Name":"Test New Text","Attended":false,"Weight":0.0},"ReadingsDetails":{"BPReading":"120/80","PulseReading":99,"FeverReading":104.0,"BloodSugarReading":"552","ECGReading":"","RSReading":"","CSVReading":"","PAndAReading":"","PallorReading":"+","GAndCReading":"Good","IctReading":"++","LNReading":"0","OdemaReading":"+++","BSLRReading":"NAd","LipidProfileReading":"","CBCReading":"","BMPRMPReading":"","LFTReading":"","KFTReading":"","WidalReading":"","UrineReReading":"","T3T4TSHReading":"","XRayReading":"","USGReading":""},"Symptoms":["Cough","Vomit"],"Remark":null,"PrescribedMedicines":[{"Name":"Abactum 250 mg Tab","Dose":"1","Morning":true,"Evening":false,"Night":true,"Precautions":""},{"Name":"Asthalin 4mg Tab","Dose":"1","Morning":true,"Evening":false,"Night":true,"Precautions":""}],"NumberOfDays":5},{"PrescriptionId":"15_May_2019_4","PatientDetails":{"Age":22,"Gender":"Female","Name":"Some Name","Attended":false,"Weight":0.0},"ReadingsDetails":{"BPReading":"","PulseReading":0,"FeverReading":0.0,"BloodSugarReading":"","ECGReading":"","RSReading":"","CSVReading":"","PAndAReading":"","PallorReading":"","GAndCReading":"","IctReading":"","LNReading":"","OdemaReading":"","BSLRReading":"","LipidProfileReading":"","CBCReading":"","BMPRMPReading":"","LFTReading":"","KFTReading":"","WidalReading":"","UrineReReading":"","T3T4TSHReading":"","XRayReading":"","USGReading":""},"Symptoms":["Head Ache","Body Ache"],"Remark":null,"PrescribedMedicines":[{"Name":"Aciloc 150mg Tab","Dose":"1","Morning":true,"Evening":false,"Night":true,"Precautions":""},{"Name":"Amclue 625 Tab","Dose":"1","Morning":true,"Evening":true,"Night":true,"Precautions":""}],"NumberOfDays":5},{"PrescriptionId":"15_May_2019_5","PatientDetails":{"Age":33,"Gender":"Female","Name":"Some Extra Names","Attended":false,"Weight":0.0},"ReadingsDetails":{"BPReading":"","PulseReading":0,"FeverReading":0.0,"BloodSugarReading":"","ECGReading":"","RSReading":"","CSVReading":"","PAndAReading":"","PallorReading":"","GAndCReading":"","IctReading":"","LNReading":"","OdemaReading":"","BSLRReading":"","LipidProfileReading":"","CBCReading":"","BMPRMPReading":"","LFTReading":"","KFTReading":"","WidalReading":"","UrineReReading":"","T3T4TSHReading":"","XRayReading":"","USGReading":""},"Symptoms":["Common Cold","Body Ache"],"Remark":null,"PrescribedMedicines":[{"Name":"Aciloc RD Tab","Dose":"1","Morning":true,"Evening":false,"Night":true,"Precautions":""},{"Name":"Aciloc 150mg Tab","Dose":"1","Morning":true,"Evening":false,"Night":true,"Precautions":""}],"NumberOfDays":5},{"PrescriptionId":"15_May_2019_6","PatientDetails":{"Age":44,"Gender":"Other","Name":"New Name","Attended":false,"Weight":0.0},"ReadingsDetails":{"BPReading":"","PulseReading":0,"FeverReading":0.0,"BloodSugarReading":"","ECGReading":"","RSReading":"","CSVReading":"","PAndAReading":"","PallorReading":"","GAndCReading":"","IctReading":"","LNReading":"","OdemaReading":"","BSLRReading":"","LipidProfileReading":"","CBCReading":"","BMPRMPReading":"","LFTReading":"","KFTReading":"","WidalReading":"","UrineReReading":"","T3T4TSHReading":"","XRayReading":"","USGReading":""},"Symptoms":["Cough","Body Ache"],"Remark":null,"PrescribedMedicines":[{"Name":"Actibile fort","Dose":"1","Morning":true,"Evening":false,"Night":true,"Precautions":""},{"Name":"B Protoin DF Powder","Dose":"2Tsf","Morning":true,"Evening":true,"Night":true,"Precautions":""}],"NumberOfDays":5},{"PrescriptionId":"15_May_2019_7","PatientDetails":{"Age":33,"Gender":"Female","Name":"Some Extra Name","Attended":false,"Weight":0.0},"ReadingsDetails":{"BPReading":"","PulseReading":0,"FeverReading":0.0,"BloodSugarReading":"","ECGReading":"","RSReading":"","CSVReading":"","PAndAReading":"","PallorReading":"","GAndCReading":"","IctReading":"","LNReading":"","OdemaReading":"","BSLRReading":"","LipidProfileReading":"","CBCReading":"","BMPRMPReading":"","LFTReading":"","KFTReading":"","WidalReading":"","UrineReReading":"","T3T4TSHReading":"","XRayReading":"","USGReading":""},"Symptoms":["Stomach Ache","Common Cold"],"Remark":null,"PrescribedMedicines":[{"Name":"Aciloc RD Tab","Dose":"1","Morning":true,"Evening":false,"Night":true,"Precautions":""},{"Name":"Amlosafe MT 50 Tab","Dose":"1","Morning":true,"Evening":false,"Night":false,"Precautions":""}],"NumberOfDays":5},{"PrescriptionId":"15_May_2019_8","PatientDetails":{"Age":44,"Gender":"Other","Name":"New name test","Attended":false,"Weight":0.0},"ReadingsDetails":{"BPReading":"","PulseReading":0,"FeverReading":0.0,"BloodSugarReading":"","ECGReading":"","RSReading":"","CSVReading":"","PAndAReading":"","PallorReading":"","GAndCReading":"","IctReading":"","LNReading":"","OdemaReading":"","BSLRReading":"","LipidProfileReading":"","CBCReading":"","BMPRMPReading":"","LFTReading":"","KFTReading":"","WidalReading":"","UrineReReading":"","T3T4TSHReading":"","XRayReading":"","USGReading":""},"Symptoms":["Cough","Common Cold"],"Remark":null,"PrescribedMedicines":[{"Name":"Abactum 500 mg Tab","Dose":"1","Morning":true,"Evening":false,"Night":true,"Precautions":""},{"Name":"Dexter SF Syp","Dose":"1Tsf","Morning":true,"Evening":true,"Night":true,"Precautions":""}],"NumberOfDays":5},{"PrescriptionId":"15_May_2019_9","PatientDetails":{"Age":66,"Gender":"Female","Name":"New name","Attended":false,"Weight":0.0},"ReadingsDetails":{"BPReading":"","PulseReading":0,"FeverReading":0.0,"BloodSugarReading":"","ECGReading":"","RSReading":"","CSVReading":"","PAndAReading":"","PallorReading":"","GAndCReading":"","IctReading":"","LNReading":"","OdemaReading":"","BSLRReading":"","LipidProfileReading":"","CBCReading":"","BMPRMPReading":"","LFTReading":"","KFTReading":"","WidalReading":"","UrineReReading":"","T3T4TSHReading":"","XRayReading":"","USGReading":""},"Symptoms":["Stomach Ache","Body Ache"],"Remark":null,"PrescribedMedicines":[{"Name":"Aceclospas Tab","Dose":"1","Morning":true,"Evening":true,"Night":true,"Precautions":""},{"Name":"BIO D3 Max Cap","Dose":"1","Morning":false,"Evening":true,"Night":false,"Precautions":""}],"NumberOfDays":4},{"PrescriptionId":"15_May_2019_10","PatientDetails":{"Age":33,"Gender":"Male","Name":"Test New ","Attended":false,"Weight":0.0},"ReadingsDetails":{"BPReading":"","PulseReading":0,"FeverReading":0.0,"BloodSugarReading":"","ECGReading":"","RSReading":"","CSVReading":"","PAndAReading":"","PallorReading":"","GAndCReading":"","IctReading":"","LNReading":"","OdemaReading":"","BSLRReading":"","LipidProfileReading":"","CBCReading":"","BMPRMPReading":"","LFTReading":"","KFTReading":"","WidalReading":"","UrineReReading":"","T3T4TSHReading":"","XRayReading":"","USGReading":""},"Symptoms":["Cough","Head Ache"],"Remark":null,"PrescribedMedicines":[{"Name":"Aciloc RD Tab","Dose":"1","Morning":true,"Evening":false,"Night":true,"Precautions":""},{"Name":"Allymax D 1000 IU Cap","Dose":"1","Morning":false,"Evening":true,"Night":false,"Precautions":""}],"NumberOfDays":4},{"PrescriptionId":"15_May_2019_11","PatientDetails":{"Age":33,"Gender":"Male","Name":"New Test","Attended":false,"Weight":0.0},"ReadingsDetails":{"BPReading":"","PulseReading":0,"FeverReading":0.0,"BloodSugarReading":"","ECGReading":"","RSReading":"","CSVReading":"","PAndAReading":"","PallorReading":"","GAndCReading":"","IctReading":"","LNReading":"","OdemaReading":"","BSLRReading":"","LipidProfileReading":"","CBCReading":"","BMPRMPReading":"","LFTReading":"","KFTReading":"","WidalReading":"","UrineReReading":"","T3T4TSHReading":"","XRayReading":"","USGReading":""},"Symptoms":["Common Cold","Stomach Ache"],"Remark":null,"PrescribedMedicines":[{"Name":"Aciloc RD Tab","Dose":"1","Morning":true,"Evening":false,"Night":true,"Precautions":""},{"Name":"Aceclospas Tab","Dose":"1","Morning":true,"Evening":true,"Night":true,"Precautions":""}],"NumberOfDays":3}]