[{"PrescriptionId":"19_May_2019_1","PatientDetails":{"Age":22,"Gender":"Male","Name":"New Name","Attended":false,"Weight":0.0},"ReadingsDetails":{"BPReading":"","PulseReading":0,"FeverReading":0.0,"BloodSugarReading":"","ECGReading":"","RSReading":"Ang","CSVReading":"AND","PAndAReading":"","PallorReading":"","GAndCReading":"Good","IctReading":"","LNReading":"","OdemaReading":"","LipidProfileReading":"THG","CBCReading":"","BMPRMPReading":"","LFTReading":"","KFTReading":"","WidalReading":"","UrineReReading":"RT","T3T4TSHReading":"","XRayReading":"Chest","USGReading":"","LipidProfileSelect":true,"CBCSelect":false,"BMPRMPSelect":true,"LFTSelect":false,"KFTSelect":true,"WidalSelect":false,"UrineReSelect":true,"T3T4TSHSelect":false,"XRaySelect":true,"USGSelect":false},"Symptoms":["Head Ache","Cough"],"Remark":null,"PrescribedMedicines":[{"Name":"Aciloc 150mg Tab","Dose":"1","Morning":true,"Evening":false,"Night":true,"Precautions":""},{"Name":"Antagit DS Syp.","Dose":"3Tsf","Morning":true,"Evening":true,"Night":true,"Precautions":""},{"Name":"Cardaron Tab or Ritebeat Tab 100mg","Dose":"1","Morning":false,"Evening":true,"Night":false,"Precautions":""}],"NumberOfDays":10},{"PrescriptionId":"19_May_2019_2","PatientDetails":{"Age":22,"Gender":"Male","Name":"Test","Attended":false,"Weight":0.0},"ReadingsDetails":{"BPReading":"","PulseReading":0,"FeverReading":0.0,"BloodSugarReading":"","ECGReading":"","RSReading":"","CSVReading":"","PAndAReading":"","PallorReading":"","GAndCReading":"","IctReading":"","LNReading":"","OdemaReading":"","LipidProfileReading":"TY","CBCReading":"","BMPRMPReading":"","LFTReading":"FF","KFTReading":"","WidalReading":"","UrineReReading":"TR","T3T4TSHReading":"","XRayReading":"Chest","USGReading":"Tse","LipidProfileSelect":true,"CBCSelect":false,"BMPRMPSelect":true,"LFTSelect":true,"KFTSelect":false,"WidalSelect":true,"UrineReSelect":false,"T3T4TSHSelect":true,"XRaySelect":true,"USGSelect":false},"Symptoms":["Cough","Stomach Ache"],"Remark":null,"PrescribedMedicines":[{"Name":"Alkamax MB 6 Syp","Dose":"2Tsf","Morning":true,"Evening":true,"Night":true,"Precautions":""},{"Name":"Cardaron Tab or Ritebeat Tab 100mg","Dose":"1","Morning":false,"Evening":true,"Night":false,"Precautions":""},{"Name":"Durashape Powder","Dose":"1Sachet","Morning":false,"Evening":true,"Night":false,"Precautions":""},{"Name":"Dynopar AQ Inj.","Dose":"1","Morning":false,"Evening":true,"Night":false,"Precautions":""}],"NumberOfDays":22},{"PrescriptionId":"19_May_2019_3","PatientDetails":{"Age":33,"Gender":"Female","Name":"NewTest","Attended":false,"Weight":0.0},"ReadingsDetails":{"BPReading":"","PulseReading":0,"FeverReading":0.0,"BloodSugarReading":"","ECGReading":"","RSReading":"","CSVReading":"","PAndAReading":"","PallorReading":"","GAndCReading":"","IctReading":"","LNReading":"","OdemaReading":"","LipidProfileReading":"TT","CBCReading":"TE","BMPRMPReading":"","LFTReading":"","KFTReading":"","WidalReading":"RF","UrineReReading":"","T3T4TSHReading":"","XRayReading":"Chest","USGReading":"","LipidProfileSelect":true,"CBCSelect":true,"BMPRMPSelect":true,"LFTSelect":false,"KFTSelect":true,"WidalSelect":true,"UrineReSelect":false,"T3T4TSHSelect":false,"XRaySelect":true,"USGSelect":false},"Symptoms":["Common Cold","Stomach Ache"],"Remark":null,"PrescribedMedicines":[{"Name":"Allymax D 1000 IU Cap","Dose":"1","Morning":false,"Evening":true,"Night":false,"Precautions":""},{"Name":"Cardaron Tab or Ritebeat Tab 100mg","Dose":"1","Morning":false,"Evening":true,"Night":false,"Precautions":""},{"Name":"Delphi L Syp.","Dose":"2Tsf","Morning":true,"Evening":false,"Night":true,"Precautions":""},{"Name":"Alkamax MB 6 Syp","Dose":"2Tsf whith milk 3 times","Morning":true,"Evening":true,"Night":true,"Precautions":""}],"NumberOfDays":2},{"PrescriptionId":"19_May_2019_4","PatientDetails":{"Age":12,"Gender":"Female","Name":"test","Attended":false,"Weight":0.0},"ReadingsDetails":{"BPReading":"","PulseReading":0,"FeverReading":0.0,"BloodSugarReading":"","ECGReading":"","RSReading":"","CSVReading":"","PAndAReading":"","PallorReading":"","GAndCReading":"","IctReading":"","LNReading":"","OdemaReading":"","LipidProfileReading":"","CBCReading":"","BMPRMPReading":"","LFTReading":"","KFTReading":"","WidalReading":"","UrineReReading":"","T3T4TSHReading":"","XRayReading":"Chest","USGReading":"","LipidProfileSelect":true,"CBCSelect":true,"BMPRMPSelect":true,"LFTSelect":true,"KFTSelect":true,"WidalSelect":true,"UrineReSelect":true,"T3T4TSHSelect":true,"XRaySelect":true,"USGSelect":true},"Symptoms":["Common Cold","Cough"],"Remark":null,"PrescribedMedicines":[{"Name":"Abactum 500 mg Tab","Dose":"1","Morning":true,"Evening":false,"Night":true,"Precautions":""},{"Name":"Amlosafe MT 50 Tab","Dose":"1","Morning":true,"Evening":false,"Night":false,"Precautions":""},{"Name":"Antagit DS Syp.","Dose":"3Tsf","Morning":true,"Evening":true,"Night":true,"Precautions":""}],"NumberOfDays":2},{"PrescriptionId":"19_May_2019_5","PatientDetails":{"Age":33,"Gender":"Female","Name":"New","Attended":false,"Weight":0.0},"ReadingsDetails":{"BPReading":"","PulseReading":0,"FeverReading":0.0,"BloodSugarReading":"","ECGReading":"","RSReading":"","CSVReading":"","PAndAReading":"","PallorReading":"","GAndCReading":"","IctReading":"","LNReading":"","OdemaReading":"","LipidProfileReading":"TY","CBCReading":"","BMPRMPReading":"","LFTReading":"","KFTReading":"TT","WidalReading":"","UrineReReading":"","T3T4TSHReading":"","XRayReading":"Chest","USGReading":"","LipidProfileSelect":true,"CBCSelect":true,"BMPRMPSelect":true,"LFTSelect":true,"KFTSelect":true,"WidalSelect":true,"UrineReSelect":true,"T3T4TSHSelect":true,"XRaySelect":true,"USGSelect":true},"Symptoms":["Cough","Head Ache"],"Remark":null,"PrescribedMedicines":[{"Name":"Abactum 500 mg Tab","Dose":"1","Morning":true,"Evening":false,"Night":true,"Precautions":""},{"Name":"Amlosafe MT 50 Tab","Dose":"1","Morning":true,"Evening":false,"Night":false,"Precautions":""},{"Name":"Cardaron Tab or Ritebeat Tab 100mg","Dose":"1","Morning":false,"Evening":true,"Night":false,"Precautions":""}],"NumberOfDays":4},{"PrescriptionId":"19_May_2019_6","PatientDetails":{"Age":44,"Gender":"Female","Name":"Test1","Attended":false,"Weight":0.0},"ReadingsDetails":{"BPReading":"","PulseReading":0,"FeverReading":0.0,"BloodSugarReading":"","ECGReading":"","RSReading":"","CSVReading":"","PAndAReading":"","PallorReading":"","GAndCReading":"","IctReading":"","LNReading":"","OdemaReading":"","LipidProfileReading":"rr","CBCReading":"rr","BMPRMPReading":"we","LFTReading":"te","KFTReading":"yy","WidalReading":"ce","UrineReReading":"ce","T3T4TSHReading":"tt","XRayReading":"Chest","USGReading":"wt","LipidProfileSelect":true,"CBCSelect":true,"BMPRMPSelect":true,"LFTSelect":true,"KFTSelect":true,"WidalSelect":true,"UrineReSelect":true,"T3T4TSHSelect":true,"XRaySelect":true,"USGSelect":true},"Symptoms":["Cough","Common Cold"],"Remark":null,"PrescribedMedicines":[{"Name":"Aciloc 150mg Tab","Dose":"1","Morning":true,"Evening":false,"Night":true,"Precautions":""},{"Name":"Allymax D 1000 IU Cap","Dose":"1","Morning":false,"Evening":true,"Night":false,"Precautions":""},{"Name":"Alkamax MB 6 Syp","Dose":"2Tsf","Morning":true,"Evening":true,"Night":true,"Precautions":""}],"NumberOfDays":2},{"PrescriptionId":"19_May_2019_7","PatientDetails":{"Age":3,"Gender":"Female","Name":"TEst2","Attended":false,"Weight":0.0},"ReadingsDetails":{"BPReading":"","PulseReading":0,"FeverReading":0.0,"BloodSugarReading":"","ECGReading":"","RSReading":"","CSVReading":"","PAndAReading":"","PallorReading":"","GAndCReading":"","IctReading":"","LNReading":"","OdemaReading":"","LipidProfileReading":"RT","CBCReading":"TY","BMPRMPReading":"ER","LFTReading":"DE","KFTReading":"DE","WidalReading":"CD","UrineReReading":"DD","T3T4TSHReading":"E","XRayReading":"L.S Region","USGReading":"ER","LipidProfileSelect":true,"CBCSelect":true,"BMPRMPSelect":true,"LFTSelect":true,"KFTSelect":true,"WidalSelect":true,"UrineReSelect":true,"T3T4TSHSelect":true,"XRaySelect":true,"USGSelect":true},"Symptoms":["Stomach Ache","Common Cold"],"Remark":null,"PrescribedMedicines":[{"Name":"Aciloc RD Tab","Dose":"1","Morning":true,"Evening":false,"Night":true,"Precautions":""},{"Name":"Antagit DS Syp.","Dose":"3Tsf","Morning":true,"Evening":true,"Night":true,"Precautions":""},{"Name":"Anadac 50 Inj","Dose":"1 ampoule I/m every 15 days total 3 Inj.","Morning":true,"Evening":false,"Night":false,"Precautions":""}],"NumberOfDays":22},{"PrescriptionId":"19_May_2019_8","PatientDetails":{"Age":22,"Gender":"Male","Name":"Test P","Attended":false,"Weight":0.0},"ReadingsDetails":{"BPReading":"","PulseReading":0,"FeverReading":0.0,"BloodSugarReading":"","ECGReading":"","RSReading":"","CSVReading":"","PAndAReading":"","PallorReading":"","GAndCReading":"","IctReading":"","LNReading":"","OdemaReading":"","LipidProfileReading":"TT","CBCReading":"","BMPRMPReading":"","LFTReading":"","KFTReading":"TY","WidalReading":"","UrineReReading":"","T3T4TSHReading":"","XRayReading":"L.S Region","USGReading":"","LipidProfileSelect":true,"CBCSelect":true,"BMPRMPSelect":false,"LFTSelect":false,"KFTSelect":true,"WidalSelect":false,"UrineReSelect":false,"T3T4TSHSelect":true,"XRaySelect":true,"USGSelect":true},"Symptoms":["Common Cold","Cough"],"Remark":null,"PrescribedMedicines":[{"Name":"Abactum 500 mg Tab","Dose":"1","Morning":true,"Evening":false,"Night":true,"Precautions":""},{"Name":"Antagit DS Syp.","Dose":"3Tsf","Morning":true,"Evening":true,"Night":true,"Precautions":""}],"NumberOfDays":3},{"PrescriptionId":"19_May_2019_9","PatientDetails":{"Age":33,"Gender":"Other","Name":"TT","Attended":false,"Weight":0.0},"ReadingsDetails":{"BPReading":"","PulseReading":0,"FeverReading":0.0,"BloodSugarReading":"","ECGReading":"","RSReading":"","CSVReading":"","PAndAReading":"","PallorReading":"","GAndCReading":"","IctReading":"","LNReading":"","OdemaReading":"","LipidProfileReading":"Te","CBCReading":"TV","BMPRMPReading":"","LFTReading":"","KFTReading":"","WidalReading":"","UrineReReading":"","T3T4TSHReading":"","XRayReading":"L.S Region","USGReading":"","LipidProfileSelect":true,"CBCSelect":true,"BMPRMPSelect":true,"LFTSelect":true,"KFTSelect":true,"WidalSelect":true,"UrineReSelect":true,"T3T4TSHSelect":true,"XRaySelect":true,"USGSelect":true},"Symptoms":["Common Cold","Stomach Ache"],"Remark":null,"PrescribedMedicines":[{"Name":"Aciloc 150mg Tab","Dose":"1","Morning":true,"Evening":false,"Night":true,"Precautions":""},{"Name":"Apilive Syp","Dose":"1/2 Tsf","Morning":true,"Evening":false,"Night":true,"Precautions":""}],"NumberOfDays":2}]