[{"Age":22,"Gender":"Female","Name":"Text One","Attended":true,"Weight":0.0},{"Age":22,"Gender":"Other","Name":"New Text","Attended":true,"Weight":0.0},{"Age":44,"Gender":"Male","Name":"Test New Text","Attended":true,"Weight":0.0},{"Age":22,"Gender":"Female","Name":"Some Name","Attended":true,"Weight":0.0},{"Age":33,"Gender":"Female","Name":"Some Extra Names","Attended":true,"Weight":0.0},{"Age":44,"Gender":"Other","Name":"New Name","Attended":true,"Weight":0.0},{"Age":33,"Gender":"Female","Name":"Some Extra Name","Attended":true,"Weight":0.0},{"Age":44,"Gender":"Other","Name":"New name test","Attended":true,"Weight":0.0},{"Age":66,"Gender":"Female","Name":"New name","Attended":true,"Weight":0.0},{"Age":33,"Gender":"Male","Name":"Test New ","Attended":true,"Weight":0.0},{"Age":33,"Gender":"Male","Name":"New Test","Attended":true,"Weight":0.0}]