[{"Age":22,"Gender":"Male","Name":"New Name","Attended":true,"Weight":0.0},{"Age":22,"Gender":"Male","Name":"Test","Attended":true,"Weight":0.0},{"Age":33,"Gender":"Female","Name":"NewTest","Attended":true,"Weight":0.0},{"Age":12,"Gender":"Female","Name":"test","Attended":true,"Weight":0.0},{"Age":33,"Gender":"Female","Name":"New","Attended":true,"Weight":0.0},{"Age":44,"Gender":"Female","Name":"Test1","Attended":true,"Weight":0.0},{"Age":3,"Gender":"Female","Name":"TEst2","Attended":true,"Weight":0.0},{"Age":22,"Gender":"Male","Name":"Test P","Attended":true,"Weight":0.0},{"Age":33,"Gender":"Other","Name":"TT","Attended":true,"Weight":0.0}]